{
  "MadeBorderRadius01": "2px",
  "MadeBorderRadius02": "4px",
  "MadeBorderRadius03": "6px",
  "MadeBorderRadius04": "8px",
  "MadeBorderRadius05": "12px",
  "MadeBorderRadius06": "16px",
  "MadeBorderRadius07": "20px",
  "MadeBorderRadius08": "24px",
  "MadeBorderRadius09": "28px",
  "MadeBorderRadiusCircle": "50%",
  "MadeColorActionTextDisabled": "#b1ada6",
  "MadeColorActionTextOnHover": "#ffffff",
  "MadeColorActionTextOnSelected": "#ffffff",
  "MadeColorActionTextOnSelectedLight": "#141413",
  "MadeColorActionBackgroundSelected": "#cf4500",
  "MadeColorActionBackgroundSelectedLight": "#d0805b",
  "MadeColorActionBackgroundHover": "#cf4500",
  "MadeColorActionBackgroundHoverLight": "#fcfbfa",
  "MadeColorActionBackgroundOnDefault": "#628020",
  "MadeColorActionBackgroundOnDisabled": "#d1dabe",
  "MadeColorActionBackgroundOffDefault": "#96918b",
  "MadeColorActionBackgroundOffDisabled": "#e8e5e1",
  "MadeColorActionBorderSelectedOnLight": "#cf4500",
  "MadeColorActionBorderSelectedOnDark": "#ffffff",
  "MadeColorActionBorderDisabled": "#b1ada6",
  "MadeColorActionBorderFocus": "#cf4500",
  "MadeColorBackgroundDefault": "#ffffff",
  "MadeColorBackgroundPrimary": "#cf4500",
  "MadeColorWhite": "#ffffff",
  "MadeColorGray01": "#fcfbfa",
  "MadeColorGray015": "#f3f0ee",
  "MadeColorGray02": "#e8e5e1",
  "MadeColorGray03": "#b1ada6",
  "MadeColorGray035": "#96918b",
  "MadeColorGray04": "#777470",
  "MadeColorGray045": "#676561",
  "MadeColorGray05": "#555250",
  "MadeColorGray055": "#444340",
  "MadeColorGray06": "#323231",
  "MadeColorGray065": "#222221",
  "MadeColorGray07": "#141413",
  "MadeColorAccent01Default": "#cf4500",
  "MadeColorAccent01Light": "#d0805b",
  "MadeColorAccent01Dark": "#852d01",
  "MadeColorAccent01Darker": "#331505",
  "MadeColorAccent02": "#f37338",
  "MadeColorAccent03": "#f38b00",
  "MadeColorAccent04": "#ffc61e",
  "MadeColorAccent05": "#628020",
  "MadeColorAccent06": "#25836d",
  "MadeColorAccent07": "#d7373c",
  "MadeColorBorderDefaultOnLight": "#e8e5e1",
  "MadeColorBorderDefaultOnDark": "#555250",
  "MadeColorBrandPrimary": "#cf4500",
  "MadeColorBrandOnPrimary": "#ffffff",
  "MadeColorBrandError": "#d7373c",
  "MadeColorBrandSuccess": "#628020",
  "MadeColorBrandInformation": "#ffc61e",
  "MadeColorBrandWarning": "#f38b00",
  "MadeColorFeedbackBackgroundError": "#d7373c",
  "MadeColorFeedbackBackgroundSuccess": "#628020",
  "MadeColorFeedbackBackgroundInformation": "#ffc61e",
  "MadeColorFeedbackBackgroundWarning": "#f38b00",
  "MadeColorFeedbackBorderError": "#d7373c",
  "MadeColorFeedbackBorderSuccess": "#628020",
  "MadeColorFeedbackBorderInformation": "#ffc61e",
  "MadeColorFeedbackBorderWarning": "#f38b00",
  "MadeColorFeedbackTextError": "#d7373c",
  "MadeColorFeedbackTextSuccess": "#628020",
  "MadeColorFeedbackTextInformation": "#ffc61e",
  "MadeColorFeedbackTextWarning": "#f38b00",
  "MadeColorFeedbackTextOnError": "#ffffff",
  "MadeColorFeedbackTextOnSuccess": "#ffffff",
  "MadeColorFeedbackTextOnInformation": "#ffffff",
  "MadeColorFeedbackTextOnWarning": "#ffffff",
  "MadeColorTextDefaultOnLight": "#141413",
  "MadeColorTextDefaultOnDark": "#ffffff",
  "MadeColorTextPrimary": "#cf4500",
  "MadeColorVisualization01": "#0023cf",
  "MadeColorVisualization02": "#000000",
  "MadeColorVisualization03": "#cf008a",
  "MadeBackdropColorBackground": "rgba(20,20,19,0.7)",
  "MadeFooterColorBackground": "#141413",
  "MadeHeaderColorBackground": "#141413",
  "MadeLinkColorDefault": "#cf4500",
  "MadeLinkColorDisabled": "rgba(207,69,0,0.50)",
  "MadeButtonColorTextPrimaryOnLight": "#ffffff",
  "MadeButtonColorTextPrimaryOnDark": "#141413",
  "MadeButtonColorTextSecondaryDefaultOnLight": "#cf4500",
  "MadeButtonColorTextSecondaryDefaultOnDark": "#ffffff",
  "MadeButtonColorTextSecondaryHoverOnLight": "#852d01",
  "MadeButtonColorTextSecondaryHoverOnDark": "#e8e5e1",
  "MadeButtonColorTextSecondaryActiveOnLight": "#331505",
  "MadeButtonColorTextSecondaryActiveOnDark": "#b1ada6",
  "MadeButtonColorTextSecondaryDisabledOnLight": "#d0805b",
  "MadeButtonColorTextSecondaryDisabledOnDark": "#b1ada6",
  "MadeButtonColorTextGhostDefaultOnLight": "#141413",
  "MadeButtonColorTextGhostDefaultOnDark": "#ffffff",
  "MadeButtonColorTextGhostActiveOnLight": "#331505",
  "MadeButtonColorTextGhostActiveOnDark": "#b1ada6",
  "MadeButtonColorTextGhostDisabledOnLight": "#777470",
  "MadeButtonColorTextGhostDisabledOnDark": "#777470",
  "MadeButtonColorBorderPrimaryDefaultOnLight": "#cf4500",
  "MadeButtonColorBorderPrimaryDefaultOnDark": "#ffffff",
  "MadeButtonColorBorderPrimaryHoverOnLight": "#852d01",
  "MadeButtonColorBorderPrimaryHoverOnDark": "#e8e5e1",
  "MadeButtonColorBorderPrimaryActiveOnLight": "#331505",
  "MadeButtonColorBorderPrimaryActiveOnDark": "#b1ada6",
  "MadeButtonColorBorderPrimaryDisabledOnLight": "#d0805b",
  "MadeButtonColorBorderPrimaryDisabledOnDark": "#ffffff",
  "MadeButtonColorBorderSecondaryDefaultOnLight": "#cf4500",
  "MadeButtonColorBorderSecondaryDefaultOnDark": "#ffffff",
  "MadeButtonColorBorderSecondaryHoverOnLight": "#852d01",
  "MadeButtonColorBorderSecondaryHoverOnDark": "#e8e5e1",
  "MadeButtonColorBorderSecondaryActiveOnLight": "#331505",
  "MadeButtonColorBorderSecondaryActiveOnDark": "#b1ada6",
  "MadeButtonColorBorderSecondaryDisabledOnLight": "#d0805b",
  "MadeButtonColorBorderSecondaryDisabledOnDark": "#b1ada6",
  "MadeButtonColorBackgroundPrimaryDefaultOnLight": "#cf4500",
  "MadeButtonColorBackgroundPrimaryDefaultOnDark": "#ffffff",
  "MadeButtonColorBackgroundPrimaryHoverOnLight": "#852d01",
  "MadeButtonColorBackgroundPrimaryHoverOnDark": "#e8e5e1",
  "MadeButtonColorBackgroundPrimaryActiveOnLight": "#331505",
  "MadeButtonColorBackgroundPrimaryActiveOnDark": "#b1ada6",
  "MadeButtonColorBackgroundPrimaryDisabledOnLight": "#d0805b",
  "MadeButtonColorBackgroundPrimaryDisabledOnDark": "#ffffff",
  "MadeButtonColorBackgroundSecondaryOnLight": "#ffffff",
  "MadeButtonColorBackgroundSecondaryOnDark": "#141413",
  "MadeFormsColorTextPlaceholder": "#777470",
  "MadeFormsColorTextHint": "#555250",
  "MadeFormsColorBorderDefault": "#96918b",
  "MadeFormsColorBorderDisabled": "#e8e5e1",
  "MadeFormsColorBackgroundDefault": "#ffffff",
  "MadeFormsColorBackgroundDisabled": "#fcfbfa",
  "MadeConnectColorBorderReport": "#f38b00",
  "MadeConnectColorBorderApi": "#ffc61e",
  "MadeConnectColorBorderReference": "#628020",
  "MadeConnectColorBorderProduct": "#A82226",
  "MadeConnectColorBorderCollection": "#141413",
  "MadeConnectColorBorderDocument": "#b1ada6",
  "MadeConnectColorBorderApplication": "#25836d",
  "MadeConnectColorBackgroundReport": "#f38b00",
  "MadeConnectColorBackgroundApi": "#ffc61e",
  "MadeConnectColorBackgroundReference": "#628020",
  "MadeConnectColorBackgroundProduct": "#A82226",
  "MadeConnectColorBackgroundCollection": "#141413",
  "MadeConnectColorBackgroundDocument": "#b1ada6",
  "MadeConnectColorBackgroundApplication": "#25836d",
  "MadeGridGuttersSm": "0.5rem",
  "MadeGridGuttersMd": "1rem",
  "MadeGridGuttersLg": "1rem",
  "MadeGridMarginSm": "0.5rem",
  "MadeGridMarginMd": "1rem",
  "MadeGridMarginLg": "1rem",
  "MadeShadowDefault": "0 2px 10px 0 rgba(20,20,19,0.20)",
  "MadeShadowToggle": "0 5px 10px 0 rgba(20,20,19,0.15), 0 2px 2px 0 rgba(20,20,19,0.3);",
  "MadeSize1X": "0.25rem",
  "MadeSize2X": "0.5rem",
  "MadeSize3X": "0.75rem",
  "MadeSize4X": "1rem",
  "MadeSize5X": "1.25rem",
  "MadeSize6X": "1.5rem",
  "MadeSize7X": "1.75rem",
  "MadeSize8X": "2rem",
  "MadeSize9X": "2.25rem",
  "MadeSize10X": "2.5rem",
  "MadeSize11X": "2.75rem",
  "MadeSize12X": "3rem",
  "MadeSize13X": "3.25rem",
  "MadeSize14X": "3.5rem",
  "MadeSize15X": "3.75rem",
  "MadeSize16X": "4rem",
  "MadeSize17X": "4.25rem",
  "MadeSize18X": "4.5rem",
  "MadeSize19X": "4.75rem",
  "MadeSize20X": "5rem",
  "MadeSpace1X": "0.25rem",
  "MadeSpace2X": "0.5rem",
  "MadeSpace3X": "0.75rem",
  "MadeSpace4X": "1rem",
  "MadeSpace5X": "1.25rem",
  "MadeSpace6X": "1.5rem",
  "MadeSpace7X": "1.75rem",
  "MadeSpace8X": "2rem",
  "MadeSpace9X": "2.25rem",
  "MadeSpace10X": "2.5rem",
  "MadeSpace11X": "2.75rem",
  "MadeSpace12X": "3rem",
  "MadeSpace13X": "3.25rem",
  "MadeSpace14X": "3.5rem",
  "MadeSpace15X": "3.75rem",
  "MadeSpace16X": "4rem",
  "MadeSpace17X": "4.25rem",
  "MadeSpace18X": "4.5rem",
  "MadeSpace19X": "4.75rem",
  "MadeSpace20X": "5rem",
  "MadeTimeSlow01": "400ms",
  "MadeTimeSlow02": "700ms",
  "MadeTimeModerate01": "150ms",
  "MadeTimeModerate02": "240ms",
  "MadeTimeModerateFast01": "70ms",
  "MadeTimeModerateFast02": "110ms",
  "MadeFontSize10": "1.75rem",
  "MadeFontSize11": "2rem",
  "MadeFontSize12": "2.25rem",
  "MadeFontSize13": "3rem",
  "MadeFontSize14": "3.75rem",
  "MadeFontSize15": "5rem",
  "MadeFontSize01": "0.5625rem",
  "MadeFontSize02": "0.75rem",
  "MadeFontSize03": "0.8125rem",
  "MadeFontSize04": "0.875rem",
  "MadeFontSize05": "0.9375rem",
  "MadeFontSize06": "1rem",
  "MadeFontSize07": "1.125rem",
  "MadeFontSize08": "1.25rem",
  "MadeFontSize09": "1.5rem",
  "MadeFontHeadingSizeLevel01": "2rem",
  "MadeFontHeadingSizeLevel02": "1.75rem",
  "MadeFontHeadingSizeLevel03": "1.5rem",
  "MadeFontHeadingSizeLevel04": "1.25rem",
  "MadeFontHeadingSizeLevel05": "1.125rem",
  "MadeFontHeadingSizeLevel06": "1rem",
  "MadeFontHeadingSizeDisplay01": "5rem",
  "MadeFontHeadingSizeDisplay02": "3rem",
  "MadeFontHeadingSizeDisplay03": "2rem",
  "MadeFontHeadingSizeEyebrow01": "1rem",
  "MadeFontHeadingSizeEyebrow02": "0.75rem",
  "MadeFontHeadingFamilyLevel01": "MarkOffcForMC-Light",
  "MadeFontHeadingFamilyLevel02": "MarkOffcForMC-Light",
  "MadeFontHeadingFamilyLevel03": "MarkOffcForMC",
  "MadeFontHeadingFamilyLevel04": "MarkOffcForMC",
  "MadeFontHeadingFamilyLevel05": "MarkOffcForMC-Medium",
  "MadeFontHeadingFamilyLevel06": "MarkOffcForMC-Medium",
  "MadeFontHeadingFamilyDisplay01": "MarkOffcForMC-Light",
  "MadeFontHeadingFamilyDisplay02": "MarkOffcForMC-Light",
  "MadeFontHeadingFamilyDisplay03": "MarkOffcForMC-Light",
  "MadeFontHeadingFamilyEyebrow01": "MarkOffcForMC-Bold",
  "MadeFontHeadingFamilyEyebrow02": "MarkOffcForMC-Bold",
  "MadeFontHeadingLineHeightLevel01": "1.25",
  "MadeFontHeadingLineHeightLevel02": "1.25",
  "MadeFontHeadingLineHeightLevel03": "1.25",
  "MadeFontHeadingLineHeightLevel04": "1.25",
  "MadeFontHeadingLineHeightLevel05": "1.25",
  "MadeFontHeadingLineHeightLevel06": "1.25",
  "MadeFontHeadingLineHeightDisplay01": "1.25",
  "MadeFontHeadingLineHeightDisplay02": "1.25",
  "MadeFontHeadingLineHeightDisplay03": "1.25",
  "MadeFontHeadingLineHeightEyebrow01": "1.25",
  "MadeFontHeadingLineHeightEyebrow02": "1.25",
  "MadeFontHeadingLetterSpacingLevel01": "normal",
  "MadeFontHeadingLetterSpacingLevel02": "normal",
  "MadeFontHeadingLetterSpacingLevel03": "normal",
  "MadeFontHeadingLetterSpacingLevel04": "normal",
  "MadeFontHeadingLetterSpacingLevel05": "normal",
  "MadeFontHeadingLetterSpacingLevel06": "normal",
  "MadeFontHeadingLetterSpacingDisplay01": "normal",
  "MadeFontHeadingLetterSpacingDisplay02": "normal",
  "MadeFontHeadingLetterSpacingDisplay03": "normal",
  "MadeFontHeadingLetterSpacingEyebrow01": "1.8px",
  "MadeFontHeadingLetterSpacingEyebrow02": "1.8px",
  "MadeFontBodySizeLarge": "1rem",
  "MadeFontBodySizeDefault": "0.875rem",
  "MadeFontBodySizeSmall": "0.75rem",
  "MadeFontBodyFamilyNarrow": "MarkForMCNrw",
  "MadeFontBodyFamilyDefault": "MarkOffcForMC",
  "MadeFontBodyFamilyBold": "MarkOffcForMC-Medium",
  "MadeFontBodyLineHeight": "1.5",
  "MadeFontBodyLetterSpacing": "normal",
  "MadeFontFamilyNarrow": "MarkForMCNrw",
  "MadeFontFamilyNarrowMedium": "MarkForMCNrw-Medium",
  "MadeFontFamilyNarrowBold": "MarkForMCNrw-Bold",
  "MadeFontFamilyRegular": "MarkOffcForMC",
  "MadeFontFamilyExtraLight": "MarkOffcForMC-ExtraLight",
  "MadeFontFamilyLight": "MarkOffcForMC-Light",
  "MadeFontFamilyMedium": "MarkOffcForMC-Medium",
  "MadeFontFamilyBold": "MarkOffcForMC-Bold",
  "MadeLetterSpacingDefault": "normal",
  "MadeLineHeight1X": "1",
  "MadeLineHeight125X": "1.25",
  "MadeLineHeight15X": "1.5",
  "MadeZIndexModal": "50",
  "MadeZIndexToast": "50",
  "MadeZIndexBackdrop": "40",
  "MadeZIndexDropdown": "30"
}