{
  "border": {
    "radius": {
      "01": "2px",
      "02": "4px",
      "03": "6px",
      "04": "8px",
      "05": "12px",
      "06": "16px",
      "07": "20px",
      "08": "24px",
      "09": "28px",
      "circle": "50%"
    }
  },
  "color": {
    "action": {
      "text": {
        "disabled": "#b1ada6",
        "on-hover": "#ffffff",
        "on-selected": "#ffffff",
        "on-selected-light": "#141413"
      },
      "background": {
        "selected": "#cf4500",
        "selected-light": "#d0805b",
        "hover": "#cf4500",
        "hover-light": "#fcfbfa",
        "on": {
          "default": "#628020",
          "disabled": "#d1dabe"
        },
        "off": {
          "default": "#96918b",
          "disabled": "#e8e5e1"
        }
      },
      "border": {
        "selected": {
          "on-light": "#cf4500",
          "on-dark": "#ffffff"
        },
        "disabled": "#b1ada6",
        "focus": "#cf4500"
      }
    },
    "background": {
      "default": "#ffffff",
      "primary": "#cf4500"
    },
    "white": "#ffffff",
    "gray": {
      "01": "#fcfbfa",
      "01.5": "#f3f0ee",
      "02": "#e8e5e1",
      "03": "#b1ada6",
      "03-5": "#96918b",
      "04": "#777470",
      "04-5": "#676561",
      "05": "#555250",
      "05-5": "#444340",
      "06": "#323231",
      "06-5": "#222221",
      "07": "#141413"
    },
    "accent": {
      "01": {
        "default": "#cf4500",
        "light": "#d0805b",
        "dark": "#852d01",
        "darker": "#331505"
      },
      "02": "#f37338",
      "03": "#f38b00",
      "04": "#ffc61e",
      "05": "#628020",
      "06": "#25836d",
      "07": "#d7373c"
    },
    "border": {
      "default": {
        "on-light": "#e8e5e1",
        "on-dark": "#555250"
      }
    },
    "brand": {
      "primary": "#cf4500",
      "on-primary": "#ffffff",
      "error": "#d7373c",
      "success": "#628020",
      "information": "#ffc61e",
      "warning": "#f38b00"
    },
    "feedback": {
      "background": {
        "error": "#d7373c",
        "success": "#628020",
        "information": "#ffc61e",
        "warning": "#f38b00"
      },
      "border": {
        "error": "#d7373c",
        "success": "#628020",
        "information": "#ffc61e",
        "warning": "#f38b00"
      },
      "text": {
        "error": "#d7373c",
        "success": "#628020",
        "information": "#ffc61e",
        "warning": "#f38b00",
        "on-error": "#ffffff",
        "on-success": "#ffffff",
        "on-information": "#ffffff",
        "on-warning": "#ffffff"
      }
    },
    "text": {
      "default": {
        "on-light": "#141413",
        "on-dark": "#ffffff"
      },
      "primary": "#cf4500"
    },
    "visualization": {
      "01": "#0023cf",
      "02": "#000000",
      "03": "#cf008a"
    }
  },
  "backdrop": {
    "color": {
      "background": "rgba(20,20,19,0.7)"
    }
  },
  "footer": {
    "color": {
      "background": "#141413"
    }
  },
  "header": {
    "color": {
      "background": "#141413"
    }
  },
  "link": {
    "color": {
      "default": "#cf4500",
      "disabled": "rgba(207,69,0,0.50)"
    }
  },
  "button": {
    "color": {
      "text": {
        "primary": {
          "on-light": "#ffffff",
          "on-dark": "#141413"
        },
        "secondary": {
          "default": {
            "on-light": "#cf4500",
            "on-dark": "#ffffff"
          },
          "hover": {
            "on-light": "#852d01",
            "on-dark": "#e8e5e1"
          },
          "active": {
            "on-light": "#331505",
            "on-dark": "#b1ada6"
          },
          "disabled": {
            "on-light": "#d0805b",
            "on-dark": "#b1ada6"
          }
        },
        "ghost": {
          "default": {
            "on-light": "#141413",
            "on-dark": "#ffffff"
          },
          "active": {
            "on-light": "#331505",
            "on-dark": "#b1ada6"
          },
          "disabled": {
            "on-light": "#777470",
            "on-dark": "#777470"
          }
        }
      },
      "border": {
        "primary": {
          "default": {
            "on-light": "#cf4500",
            "on-dark": "#ffffff"
          },
          "hover": {
            "on-light": "#852d01",
            "on-dark": "#e8e5e1"
          },
          "active": {
            "on-light": "#331505",
            "on-dark": "#b1ada6"
          },
          "disabled": {
            "on-light": "#d0805b",
            "on-dark": "#ffffff"
          }
        },
        "secondary": {
          "default": {
            "on-light": "#cf4500",
            "on-dark": "#ffffff"
          },
          "hover": {
            "on-light": "#852d01",
            "on-dark": "#e8e5e1"
          },
          "active": {
            "on-light": "#331505",
            "on-dark": "#b1ada6"
          },
          "disabled": {
            "on-light": "#d0805b",
            "on-dark": "#b1ada6"
          }
        }
      },
      "background": {
        "primary": {
          "default": {
            "on-light": "#cf4500",
            "on-dark": "#ffffff"
          },
          "hover": {
            "on-light": "#852d01",
            "on-dark": "#e8e5e1"
          },
          "active": {
            "on-light": "#331505",
            "on-dark": "#b1ada6"
          },
          "disabled": {
            "on-light": "#d0805b",
            "on-dark": "#ffffff"
          }
        },
        "secondary": {
          "on-light": "#ffffff",
          "on-dark": "#141413"
        }
      }
    }
  },
  "forms": {
    "color": {
      "text": {
        "placeholder": "#777470",
        "hint": "#555250"
      },
      "border": {
        "default": "#96918b",
        "disabled": "#e8e5e1"
      },
      "background": {
        "default": "#ffffff",
        "disabled": "#fcfbfa"
      }
    }
  },
  "connect": {
    "color": {
      "border": {
        "report": "#f38b00",
        "api": "#ffc61e",
        "reference": "#628020",
        "product": "#A82226",
        "collection": "#141413",
        "document": "#b1ada6",
        "application": "#25836d"
      },
      "background": {
        "report": "#f38b00",
        "api": "#ffc61e",
        "reference": "#628020",
        "product": "#A82226",
        "collection": "#141413",
        "document": "#b1ada6",
        "application": "#25836d"
      }
    }
  },
  "grid": {
    "gutters": {
      "sm": "0.5rem",
      "md": "1rem",
      "lg": "1rem"
    },
    "margin": {
      "sm": "0.5rem",
      "md": "1rem",
      "lg": "1rem"
    }
  },
  "shadow": {
    "default": "0 2px 10px 0 rgba(20,20,19,0.20)",
    "toggle": "0 5px 10px 0 rgba(20,20,19,0.15), 0 2px 2px 0 rgba(20,20,19,0.3);"
  },
  "size": {
    "1-x": "0.25rem",
    "2-x": "0.5rem",
    "3-x": "0.75rem",
    "4-x": "1rem",
    "5-x": "1.25rem",
    "6-x": "1.5rem",
    "7-x": "1.75rem",
    "8-x": "2rem",
    "9-x": "2.25rem",
    "10-x": "2.5rem",
    "11-x": "2.75rem",
    "12-x": "3rem",
    "13-x": "3.25rem",
    "14-x": "3.5rem",
    "15-x": "3.75rem",
    "16-x": "4rem",
    "17-x": "4.25rem",
    "18-x": "4.5rem",
    "19-x": "4.75rem",
    "20-x": "5rem"
  },
  "space": {
    "1-x": "0.25rem",
    "2-x": "0.5rem",
    "3-x": "0.75rem",
    "4-x": "1rem",
    "5-x": "1.25rem",
    "6-x": "1.5rem",
    "7-x": "1.75rem",
    "8-x": "2rem",
    "9-x": "2.25rem",
    "10-x": "2.5rem",
    "11-x": "2.75rem",
    "12-x": "3rem",
    "13-x": "3.25rem",
    "14-x": "3.5rem",
    "15-x": "3.75rem",
    "16-x": "4rem",
    "17-x": "4.25rem",
    "18-x": "4.5rem",
    "19-x": "4.75rem",
    "20-x": "5rem"
  },
  "time": {
    "slow": {
      "01": "400ms",
      "02": "700ms"
    },
    "moderate": {
      "01": "150ms",
      "02": "240ms",
      "fast": {
        "01": "70ms",
        "02": "110ms"
      }
    }
  },
  "font": {
    "size": {
      "10": "1.75rem",
      "11": "2rem",
      "12": "2.25rem",
      "13": "3rem",
      "14": "3.75rem",
      "15": "5rem",
      "01": "0.5625rem",
      "02": "0.75rem",
      "03": "0.8125rem",
      "04": "0.875rem",
      "05": "0.9375rem",
      "06": "1rem",
      "07": "1.125rem",
      "08": "1.25rem",
      "09": "1.5rem"
    },
    "heading": {
      "size": {
        "level": {
          "01": "2rem",
          "02": "1.75rem",
          "03": "1.5rem",
          "04": "1.25rem",
          "05": "1.125rem",
          "06": "1rem"
        },
        "display": {
          "01": "5rem",
          "02": "3rem",
          "03": "2rem"
        },
        "eyebrow": {
          "01": "1rem",
          "02": "0.75rem"
        }
      },
      "family": {
        "level": {
          "01": "MarkOffcForMC-Light",
          "02": "MarkOffcForMC-Light",
          "03": "MarkOffcForMC",
          "04": "MarkOffcForMC",
          "05": "MarkOffcForMC-Medium",
          "06": "MarkOffcForMC-Medium"
        },
        "display": {
          "01": "MarkOffcForMC-Light",
          "02": "MarkOffcForMC-Light",
          "03": "MarkOffcForMC-Light"
        },
        "eyebrow": {
          "01": "MarkOffcForMC-Bold",
          "02": "MarkOffcForMC-Bold"
        }
      },
      "line-height": {
        "level": {
          "01": "1.25",
          "02": "1.25",
          "03": "1.25",
          "04": "1.25",
          "05": "1.25",
          "06": "1.25"
        },
        "display": {
          "01": "1.25",
          "02": "1.25",
          "03": "1.25"
        },
        "eyebrow": {
          "01": "1.25",
          "02": "1.25"
        }
      },
      "letter.spacing": {
        "level": {
          "01": "normal",
          "02": "normal",
          "03": "normal",
          "04": "normal",
          "05": "normal",
          "06": "normal"
        },
        "display": {
          "01": "normal",
          "02": "normal",
          "03": "normal"
        },
        "eyebrow": {
          "01": "1.8px",
          "02": "1.8px"
        }
      }
    },
    "body": {
      "size": {
        "large": "1rem",
        "default": "0.875rem",
        "small": "0.75rem"
      },
      "family": {
        "narrow": "MarkForMCNrw",
        "default": "MarkOffcForMC",
        "bold": "MarkOffcForMC-Medium"
      },
      "line-height": "1.5",
      "letter.spacing": "normal"
    },
    "family": {
      "narrow": "MarkForMCNrw",
      "narrow-medium": "MarkForMCNrw-Medium",
      "narrow-bold": "MarkForMCNrw-Bold",
      "regular": "MarkOffcForMC",
      "extra-light": "MarkOffcForMC-ExtraLight",
      "light": "MarkOffcForMC-Light",
      "medium": "MarkOffcForMC-Medium",
      "bold": "MarkOffcForMC-Bold"
    }
  },
  "letter": {
    "spacing": {
      "default": "normal"
    }
  },
  "line": {
    "height": {
      "1-x": "1",
      "1-25-x": "1.25",
      "1-5-x": "1.5"
    }
  },
  "z-index": {
    "modal": "50",
    "toast": "50",
    "backdrop": "40",
    "dropdown": "30"
  }
}